"i","new.neighbors"
1,2
1,178
1,395
2,3
2,4
2,178
2,395
3,4
3,6
3,7
3,178
4,5
4,7
4,78
5,7
5,78
5,80
5,81
6,7
6,8
6,9
6,178
6,345
7,8
7,9
7,76
7,78
7,79
8,9
8,10
8,11
8,178
8,202
8,345
9,10
9,11
9,75
9,76
9,77
9,79
10,11
10,12
10,49
10,202
10,343
10,344
10,345
11,12
11,49
11,58
11,75
11,77
12,49
12,50
12,177
12,342
12,343
12,344
13,318
13,320
13,334
13,360
13,361
13,363
13,364
13,365
13,366
14,15
14,367
14,368
14,369
14,371
14,373
15,318
15,365
15,366
15,367
15,371
15,373
15,374
16,17
16,94
16,95
16,106
16,315
16,317
16,374
17,106
17,290
17,317
17,371
17,372
17,373
17,374
17,376
18,19
18,44
18,101
18,227
18,368
18,369
18,370
18,384
19,290
19,370
19,372
19,376
19,384
20,376
20,377
20,384
20,397
21,287
21,292
21,378
21,379
21,384
21,397
22,23
22,285
22,380
22,384
23,287
23,379
23,380
23,384
24,286
24,288
24,292
24,303
24,316
24,375
24,378
25,100
25,107
25,108
25,255
25,280
25,281
25,282
25,286
26,30
26,283
26,284
26,285
27,33
27,34
27,35
27,38
27,60
27,61
27,97
27,98
27,277
27,381
28,29
28,30
28,33
28,284
28,285
28,398
29,30
29,31
29,32
29,398
29,399
30,31
30,283
30,284
31,32
31,276
31,280
31,283
32,37
32,63
32,276
32,398
32,399
33,34
33,38
33,285
33,398
34,38
34,97
34,285
35,36
35,38
35,60
35,61
35,277
35,381
36,60
36,61
36,98
36,381
36,393
37,39
37,40
37,63
37,381
37,399
38,381
38,398
38,399
39,40
39,41
39,62
39,63
39,64
39,394
40,41
40,43
40,62
40,63
40,381
40,393
41,62
41,64
42,43
42,68
42,87
42,249
42,252
42,253
43,45
43,62
43,65
43,67
43,252
43,253
43,393
44,101
44,227
44,321
45,65
45,67
45,97
46,47
46,48
46,65
46,69
46,97
46,252
47,48
47,70
47,71
47,97
48,69
48,70
49,50
49,58
49,59
49,177
50,51
50,59
50,177
51,53
51,59
51,86
51,96
51,177
52,93
52,96
52,177
52,340
52,341
52,342
53,54
53,55
53,56
53,59
53,86
53,93
54,56
54,57
54,92
54,93
55,56
55,57
55,59
55,73
55,74
55,83
55,91
55,92
55,159
56,57
57,91
57,92
57,93
58,59
58,73
58,74
58,75
59,73
59,86
60,61
60,97
60,98
61,277
62,64
62,253
62,393
63,254
63,275
63,276
63,394
63,399
64,109
64,249
64,253
64,394
65,97
65,252
66,68
66,87
66,110
66,250
66,251
67,97
67,99
67,393
68,87
68,251
68,252
69,70
69,85
69,251
69,252
70,71
70,84
70,85
70,391
71,97
71,391
72,140
72,157
72,197
72,250
72,251
72,391
72,396
73,74
74,75
74,83
74,91
74,159
75,77
75,159
76,77
76,79
76,159
76,175
77,159
78,79
78,81
78,175
78,176
79,159
79,175
80,81
80,82
80,176
81,175
81,176
82,176
82,179
82,180
83,91
83,159
83,182
83,183
83,208
83,209
84,85
84,140
84,157
84,391
84,396
85,251
85,252
85,396
86,93
86,96
87,110
87,249
87,252
87,253
88,194
88,199
88,219
88,220
89,90
89,104
89,136
89,137
89,162
89,172
89,184
89,186
90,104
90,105
90,162
90,171
90,184
90,186
91,92
91,159
91,209
91,392
92,93
92,209
92,392
93,96
93,108
93,206
93,337
93,340
93,341
93,387
93,392
94,95
94,106
94,112
94,312
94,313
94,315
94,319
94,374
95,121
95,122
95,318
95,319
95,360
95,374
96,177
97,98
97,99
97,285
97,391
98,99
98,381
98,393
99,393
100,107
100,108
100,278
100,279
100,303
101,321
101,368
101,369
102,103
102,173
102,289
102,321
102,366
103,173
103,289
103,320
103,334
103,361
104,105
104,161
104,162
104,163
104,164
104,166
105,163
105,167
105,169
105,170
105,171
106,302
106,303
106,305
106,314
106,315
106,316
106,317
106,375
107,279
107,282
107,286
107,288
107,303
108,246
108,247
108,254
108,255
108,275
108,278
108,280
108,337
108,387
109,110
109,246
109,247
109,248
109,249
109,254
109,394
110,248
110,249
111,112
111,113
111,115
111,116
111,119
111,120
112,113
112,115
112,309
112,310
112,312
112,313
112,315
112,319
113,120
113,121
113,319
114,115
114,116
114,117
114,118
114,119
115,116
115,117
115,307
115,309
115,310
116,119
116,120
117,118
117,119
117,149
117,150
117,151
117,307
117,309
118,119
118,125
118,151
118,152
118,160
118,382
119,120
119,124
119,125
119,382
120,121
120,124
120,125
120,319
121,122
121,124
121,319
121,383
122,318
122,319
122,360
122,362
122,363
122,383
123,128
123,129
123,141
123,336
123,362
123,364
123,383
124,125
124,126
124,127
124,133
124,383
125,126
125,132
125,133
125,135
125,382
126,127
126,131
126,133
126,134
126,383
127,128
127,130
127,131
127,383
127,389
128,129
128,130
128,332
128,383
128,389
129,141
129,198
129,332
129,333
129,335
129,383
129,389
130,131
130,237
130,354
130,356
130,388
130,389
131,134
131,144
131,237
132,133
132,134
132,135
132,136
132,137
132,143
132,144
132,382
133,134
134,143
134,144
135,136
135,160
135,161
135,162
135,382
136,137
136,143
136,161
136,162
137,138
137,143
137,162
137,172
138,143
138,172
138,184
138,238
139,291
139,322
139,323
139,324
139,326
139,348
139,390
140,157
140,396
141,173
141,198
141,335
141,336
141,359
142,168
142,188
142,347
142,400
143,144
143,145
143,238
144,145
144,237
145,237
145,238
145,241
146,147
146,148
146,153
146,154
146,158
146,167
146,261
146,346
147,148
147,149
147,150
147,261
147,306
147,307
148,149
148,150
148,151
148,153
148,154
149,150
149,306
149,307
150,151
150,153
151,152
151,153
152,153
152,156
152,160
152,382
153,154
153,155
153,156
153,160
154,155
154,156
154,167
155,156
155,164
155,165
155,167
156,160
156,161
156,165
157,197
157,391
157,396
158,167
158,260
158,261
158,293
158,294
158,346
159,175
159,181
159,182
160,161
160,165
160,382
161,162
161,165
161,166
161,382
162,166
163,164
163,166
163,167
163,169
164,165
164,166
164,167
165,166
167,168
167,169
167,245
167,346
167,400
168,169
168,170
168,188
168,189
168,245
168,347
168,400
169,170
170,171
170,186
170,189
171,186
171,189
172,184
172,238
173,321
173,334
173,336
173,359
174,228
174,266
174,268
174,332
174,333
174,352
174,354
174,388
175,176
175,180
175,181
175,182
176,180
176,181
177,341
177,342
177,343
178,201
178,345
178,395
179,180
179,216
179,231
180,181
180,216
180,231
181,182
181,212
181,215
181,216
182,183
182,212
182,213
182,215
183,208
183,210
183,212
183,213
184,185
184,186
184,187
184,238
184,239
185,186
185,187
185,196
185,218
185,238
185,239
185,240
186,187
186,189
187,189
187,193
187,195
187,196
187,218
188,189
188,190
188,191
188,192
188,347
189,192
189,193
189,195
190,191
190,232
190,347
191,192
191,232
191,358
192,193
192,232
192,358
193,194
193,195
193,220
193,358
194,195
194,196
194,199
194,220
194,358
195,196
196,199
196,218
196,221
197,391
198,332
198,333
198,335
198,352
198,359
199,200
199,219
199,221
199,357
200,219
200,221
200,222
200,223
200,235
200,357
201,202
201,345
202,203
202,344
202,345
203,204
203,342
203,343
203,344
204,205
204,342
204,343
205,338
205,340
205,341
205,342
206,229
206,337
206,340
207,224
207,225
207,233
207,234
207,358
208,209
208,210
208,392
209,210
209,392
210,211
210,213
210,392
211,213
211,261
211,392
212,213
212,215
212,259
212,261
213,261
214,215
214,216
214,230
214,257
214,259
215,216
215,259
215,261
216,217
216,230
216,231
217,230
217,231
218,221
218,222
218,223
218,239
218,240
218,274
219,220
219,234
219,357
219,358
220,358
221,222
221,223
222,223
223,235
223,240
223,274
223,295
223,296
223,297
224,233
225,226
225,358
226,232
226,358
227,321
227,384
228,236
228,266
228,267
228,268
228,330
228,353
229,339
229,340
230,256
230,257
232,358
233,234
234,235
234,357
234,358
235,357
236,262
236,265
236,267
236,330
236,331
236,353
236,356
237,238
237,241
237,262
237,331
237,356
238,239
238,241
238,242
239,240
239,241
239,242
239,243
240,242
240,243
240,244
240,272
240,274
240,295
241,242
241,262
242,243
242,262
242,263
243,244
243,262
243,263
243,264
244,263
244,264
244,270
244,272
244,295
245,346
245,400
246,247
246,254
247,248
247,337
248,337
249,253
250,251
250,391
251,252
251,391
251,396
254,275
254,394
255,275
255,276
255,280
256,257
256,258
256,293
256,294
257,258
257,259
258,259
258,260
258,293
258,294
259,260
259,261
260,261
260,293
261,293
261,306
261,385
261,392
262,263
262,265
262,328
262,329
262,331
262,355
263,264
263,327
263,328
263,329
264,270
264,272
264,327
264,328
264,349
264,350
265,331
265,353
265,355
266,327
266,329
266,348
266,350
266,351
266,352
266,353
267,353
268,330
268,354
269,270
269,273
269,291
269,299
269,301
269,326
270,272
270,273
270,326
270,349
271,272
271,273
271,295
271,296
271,297
271,299
272,273
272,295
273,299
273,301
274,295
275,276
276,280
276,283
278,279
278,387
279,302
279,303
279,304
279,387
280,281
280,283
281,282
281,283
282,283
282,285
282,286
282,287
282,380
283,285
284,285
285,287
285,380
286,287
286,288
286,292
287,292
287,379
287,380
288,292
288,303
288,316
289,320
289,321
289,366
290,317
290,372
290,376
290,384
291,301
291,326
291,390
292,378
292,379
293,294
294,346
295,296
296,297
296,299
297,298
297,299
297,300
298,299
298,300
299,300
299,301
300,301
300,390
301,326
301,390
302,303
302,304
302,305
302,314
302,316
302,387
303,316
304,305
304,386
304,387
305,311
305,314
305,386
306,307
306,308
306,309
306,385
306,392
307,308
307,309
308,309
308,310
308,311
308,385
308,386
309,310
310,311
310,312
311,312
311,313
311,314
311,385
311,386
312,313
312,315
313,314
313,315
314,315
314,386
316,317
316,375
317,375
317,376
317,397
318,360
318,365
318,373
318,374
320,361
320,365
320,366
321,366
321,367
321,368
321,384
322,390
323,324
323,325
323,326
323,348
323,350
324,348
325,348
325,350
326,349
326,350
327,328
327,349
327,350
327,351
328,329
328,351
329,351
329,353
329,355
330,331
330,354
330,356
331,356
332,333
332,354
332,388
332,389
333,352
333,359
334,336
334,361
334,364
336,364
337,340
338,339
338,340
339,340
340,341
341,342
342,343
343,344
348,350
349,350
351,353
352,359
353,355
354,356
354,388
356,388
360,363
360,365
362,363
362,364
362,383
363,364
363,383
364,383
365,366
365,367
366,367
367,368
368,369
368,371
369,370
369,371
369,372
370,371
370,372
371,372
371,373
372,373
373,374
375,378
375,397
376,377
376,384
376,397
377,397
378,397
379,384
381,393
381,398
381,399
384,397
385,386
385,392
386,387
386,392
387,392
388,389
398,399
